user_id,username,password,website
earth,aragorn,gAAAAABlDW_grg537OK5uuMnZ_xrEKKeHL3YjwFsPZTSJA58AbuPfsv8FHrlLBM-sK9ZGwZ9vVI71WkhT5WPWY6dmFF7DJUKjZC8b9TnmqXEtMo1m2KsnZJ5D6ZUKa2jGlaVA0dCbmQP,
earth,mimi,gAAAAABlDW_gLMDjdGsNuq6xkhw6sGRCUBlbp9-Ihnqzp8XZpfYwPJC-3MTZVnaKqm2Bz8rXYbz8gncNn3W_LhZt9FrYk6HDX4EoIbbqh7DdStPzEm7SQ8098Q6D5pBQD5torOjf3bNU,https://fakebook.com
earth,destroyer,gAAAAABlDW_gwUw1fhRkEgCUU1Y3rD9BsHGbpRxbstJaWyde5W18QTkJZIWn3YkdQlmvfsiRacE5iD82c-7Rr7a4PqQMvdIRtl31fIIsgHQbP1S1h4i0ruzNKx0B4730nQW0Tc7MRVRc,https://slype.co.uk
a,q,gAAAAABlGZHGj9JhERuqAJJhz7sXWMfXkJYjSMgF8_JypnHF8HtDKxbbHrvM0jm1C_As6C96wNl9IR_ZmBFs_FvBmLqKWY1EGw==,q
Proba1,a,gAAAAABlIWGuEJMiyNukan5-MW46Gnpw_3c51LhrFVoh6AQl96-b1AaPIRVOX4c6Ve7wGdAPmStYhxlDJ4ReRSs8jnwFUlDjAg==,a
Proba1,b,gAAAAABlIWHBLzs64wMIJdT_5li6JT9zbzjNWadnnrQqydh4NIekeFaZXdI5WfQuX3ePxbDRaYPvTAFkD2H4FYHlKtOMzIqF1A==,b
Proba2,q,gAAAAABlIWHQtz5hSAQp08a6hcLH6v9WZOJAKjF9-bChB8WCIHghZ0CcWIjK3fQaQnRIAqJ3u_sE0ngj0NP0nGtAoRb9KjOWZA==,q
Proba2,v,gAAAAABlIWHjpi4BsUhs11Z-FiRMj4GfyOpMfPWRZS_CPZYVXtEggB-LkLu6UUUArXMkzbHYz9MmizfNWsK24eOEqJN7XKXV2A==,v
Proba3,u,gAAAAABlIWH1K0s_pAKwFS7VaoWoM65V1wgyE0doWpt3x6OYtqBg06aoRzq8so3j7fBuN853-mD_JSO0NhrBHbQ2W2EXLSc4sw==,u
Proba3,o,gAAAAABlIWIYEuV0gZ-YCurUI4ZV8YKBvEdF0noi6wxZB6jdojKiWyQaTqal29eZV2uM6ZDtxLnlO3ESD-ouojsJiEXFT9iImQ==,o
